,City,Cloudiness,Country,Date,Humidity,Lat,Lng,Max Temp,Wind Speed
0,Rikitea,68,PF,1575590687,78,-23.12,-134.97,298.93,4.31
1,Butaritari,100,KI,1575590693,86,3.07,172.79,298.75,3.62
2,Vaini,11,IN,1575590689,89,15.34,74.49,291.49,4.07
3,Tiksi,100,RU,1575590693,100,71.64,128.87,247.82,1.52
4,Luangwa,85,MZ,1575590694,63,-15.62,30.4,298.33,5.56
5,Chuy,31,UY,1575590682,75,-33.69,-53.46,287.82,2.96
6,Hovd,75,NO,1575590694,81,63.83,10.7,278.15,9.3
7,Mar del Plata,50,AR,1575590694,31,-46.43,-67.52,293.36,7.28
8,New Norfolk,75,AU,1575590684,50,-42.78,147.06,287.04,12.3
9,Kaitangata,100,NZ,1575590694,77,-46.28,169.85,287.04,5.53
10,Bambous Virieux,20,MU,1575590694,94,-20.34,57.76,297.59,2.1
11,Severo-Kurilsk,93,RU,1575590694,84,50.68,156.12,266.89,13.63
12,Cidreira,6,BR,1575590694,69,-30.17,-50.22,293.19,5.67
13,Blois,21,FR,1575590694,92,47.59,1.33,272.15,2.43
14,Nanortalik,100,GL,1575590694,59,60.14,-45.24,272.07,3.83
15,Padang,45,ID,1575590672,88,-0.92,100.36,294.04,2.24
16,Kathmandu,20,NP,1575590569,93,27.71,85.32,279.15,1.0
17,Ushuaia,75,AR,1575590402,75,-54.81,-68.31,280.15,16.5
18,Ballina,100,IE,1575590694,95,54.11,-9.15,284.26,3.58
19,Souillac,90,FR,1575590694,100,45.6,-0.6,276.15,1.0
20,Avarua,0,CK,1575590694,69,-21.21,-159.78,301.15,7.2
21,Hermanus,0,ZA,1575590693,52,-34.42,19.24,293.15,0.89
22,Punta Arenas,75,CL,1575590694,53,-53.16,-70.91,284.15,11.3
23,Mrakovo,75,BA,1575590694,100,43.97,18.28,271.15,1.5
24,Ribeira Grande,96,PT,1575590540,78,38.52,-28.7,287.55,1.51
25,Xining,0,CN,1575590438,66,36.62,101.77,259.81,3.21
26,Cape Town,0,ZA,1575590197,43,-33.93,18.42,295.15,3.6
27,Tasiilaq,0,GL,1575590695,58,65.61,-37.64,269.15,2.1
28,Quatre Cocos,20,MU,1575590695,94,-20.21,57.76,297.59,2.1
29,Straumen,75,NO,1575590695,87,63.87,11.3,275.15,9.3
30,Ponta do Sol,100,BR,1575590695,97,-20.63,-46.0,293.07,0.29
31,Roald,100,NO,1575590695,86,62.58,6.12,278.15,7.7
32,Atar,6,MR,1575590695,48,20.52,-13.05,287.96,1.11
33,Wilmington,90,US,1575590406,48,39.75,-75.55,279.15,6.7
34,Tuktoyaktuk,90,CA,1575590693,77,69.44,-133.03,255.15,9.8
35,Yellowknife,20,CA,1575590695,75,62.45,-114.38,246.48,2.6
36,Qaanaaq,90,GL,1575590539,67,77.48,-69.36,254.48,3.31
37,Daloa,74,CI,1575590695,68,6.88,-6.45,296.33,1.76
38,Bluff,0,AU,1575590692,38,-23.58,149.07,305.5,3.42
39,Busselton,67,AU,1575590688,18,-33.64,115.35,304.26,5.3
40,Bambanglipuro,100,ID,1575590685,74,-7.95,110.28,300.14,0.47
41,Sibolga,57,ID,1575590695,92,1.74,98.78,294.71,1.64
42,Esperance,40,AU,1575590695,72,-33.86,121.89,290.15,5.1
43,Torrelavega,46,ES,1575590695,100,43.35,-4.05,284.26,2.27
44,Hasaki,75,JP,1575590681,86,35.73,140.83,279.15,6.2
45,Carnarvon,88,ZA,1575590689,75,-30.97,22.13,289.32,4.91
46,Riyadh,0,SA,1575590695,51,24.63,46.72,290.15,3.6
47,Uruzgan,0,AF,1575590695,42,32.93,66.63,272.87,2.87
48,Erenhot,8,CN,1575590696,68,43.65,111.97,264.77,5.37
49,Ilulissat,20,GL,1575590696,42,69.22,-51.1,259.15,4.1
50,Kapaa,40,US,1575590696,58,22.08,-159.32,301.15,3.6
51,Hailey,90,US,1575590696,89,43.52,-114.32,273.15,2.6
52,Jamestown,0,AU,1575590696,26,-33.21,138.6,294.94,3.73
53,Shu,100,KZ,1575590696,90,43.6,73.76,277.23,2.93
54,Srednekolymsk,96,RU,1575590696,87,67.46,153.71,252.68,6.68
55,Tessalit,59,ML,1575590696,16,20.2,1.01,292.52,2.72
56,Meulaboh,89,ID,1575590696,80,4.14,96.13,299.95,3.43
57,Karratha,36,AU,1575590696,71,-20.74,116.85,301.52,3.42
58,Muisne,75,EC,1575590671,83,0.61,-80.02,301.15,3.1
59,San Vicente de Canete,30,PE,1575590696,91,-13.08,-76.38,292.1,3.51
60,Zheleznodorozhnyy,75,RU,1575590696,86,55.75,38.0,275.93,4.0
61,Xianshuigu,4,CN,1575590696,73,38.98,117.38,269.15,3.0
62,Puerto Ayora,75,EC,1575590673,61,-0.74,-90.35,299.15,8.7
63,Mataura,100,NZ,1575590672,48,-46.19,168.86,291.89,6.3
64,Coos Bay,1,US,1575590696,82,43.37,-124.22,286.15,1.4
65,Talnakh,75,RU,1575590695,92,69.49,88.39,262.15,14.0
66,Zabid,17,YE,1575590696,46,14.2,44.5,285.56,1.99
67,Saint-Philippe,90,CA,1575590696,73,45.36,-73.48,269.82,7.7
68,Sorland,100,NO,1575590697,66,67.67,12.69,277.83,12.34
69,Presidente Medici,17,BR,1575590697,61,-11.18,-61.9,300.65,1.55
70,Linxia,0,CN,1575590697,45,35.6,103.21,264.14,4.45
71,Ugoofaaru,69,MV,1575590697,79,5.67,73.0,301.38,10.82
72,Castro,100,CL,1575590697,62,-42.48,-73.76,288.15,6.7
73,Bredasdorp,0,ZA,1575590697,87,-34.53,20.04,287.15,1.31
74,Prainha,99,BR,1575590697,73,-1.8,-53.48,300.05,1.07
75,Arraial do Cabo,90,BR,1575590697,94,-22.97,-42.02,298.15,2.1
76,Saint George,75,GR,1575590697,87,39.45,22.34,281.15,0.7
77,Kavaratti,7,IN,1575590698,73,10.57,72.64,301.25,5.15
78,Trinidad,90,BO,1575590698,88,-14.83,-64.9,295.15,4.1
79,Provideniya,75,RU,1575590698,73,64.42,-173.23,266.15,9.0
80,Phan Thiet,56,VN,1575590698,78,10.93,108.1,294.01,1.18
81,Olinda,75,AU,1575590698,51,-37.84,145.39,289.82,7.7
82,Georgetown,20,GY,1575590578,88,6.8,-58.16,299.15,2.1
83,Porto Torres,20,IT,1575590698,87,40.84,8.4,287.15,1.0
84,Muyezerskiy,100,RU,1575590699,97,63.93,31.65,273.27,6.84
85,Port Blair,40,IN,1575590699,69,11.67,92.75,299.8,9.33
86,Port Elizabeth,1,US,1575590699,59,39.31,-74.98,280.15,2.1
87,Sao Filipe,88,CV,1575590699,78,14.9,-24.5,293.43,9.23
88,Artemovsk,3,RU,1575590699,81,54.35,93.44,260.68,1.4
89,Chitipa,96,MW,1575590699,93,-9.7,33.27,290.65,0.89
90,Anadyr,75,RU,1575590699,78,64.73,177.51,265.15,12.0
91,Yulara,0,AU,1575590699,6,-25.24,130.99,304.15,3.6
92,Sitka,54,US,1575590690,62,37.17,-99.65,282.59,4.28
93,Bathsheba,40,BB,1575590700,69,13.22,-59.52,301.15,7.7
94,Tingo Maria,71,PE,1575590700,95,-9.29,-76.01,288.9,0.59
95,Hobart,75,AU,1575590482,50,-42.88,147.33,287.04,12.3
96,Trincomalee,100,LK,1575590700,96,8.58,81.23,296.61,1.46
97,Maniitsoq,0,GL,1575590700,44,65.42,-52.9,263.55,3.25
98,Batagay,100,RU,1575590700,97,67.65,134.64,233.62,0.79
99,Vardo,1,US,1575590700,60,39.62,-77.74,277.15,4.85
100,Brigantine,90,US,1575590700,52,39.41,-74.36,279.15,6.2
101,Cherskiy,30,RU,1575590701,65,68.75,161.3,256.27,4.31
102,Shache,10,CN,1575590701,70,38.42,77.24,268.15,1.56
103,Lagos,20,NG,1575590370,94,6.46,3.39,299.15,1.0
104,Sterling,1,US,1575590701,60,39.0,-77.4,279.26,2.75
105,Mayo,75,CA,1575590701,73,63.59,-135.9,238.15,1.0
106,Chokurdakh,75,RU,1575590704,90,70.62,147.9,248.31,6.4
107,Leningradskiy,100,RU,1575590704,83,69.38,178.42,264.45,5.56
108,Cabo San Lucas,20,MX,1575590704,73,22.89,-109.91,299.15,2.6
109,Dunedin,100,NZ,1575590597,62,-45.87,170.5,289.9,5.26
110,Kunming,90,CN,1575590704,100,25.04,102.71,271.15,3.0
111,Nichinan,75,JP,1575590704,61,31.65,131.31,281.15,3.1
112,Mahebourg,20,MU,1575590704,94,-20.41,57.7,297.59,2.1
113,Constitucion,40,MX,1575590702,10,23.99,-104.67,299.15,1.0
114,Dukat,100,AL,1575590704,74,40.25,19.57,288.43,3.23
115,Iquique,15,CL,1575590648,68,-20.22,-70.14,293.15,7.7
116,Hithadhoo,100,MV,1575590708,80,-0.6,73.08,300.81,2.68
117,Tirat Karmel,10,IL,1575590708,82,32.76,34.97,288.15,4.47
118,Yeppoon,43,AU,1575590708,49,-23.13,150.74,305.15,5.1
119,Upernavik,0,GL,1575590697,67,72.79,-56.15,259.21,6.73
120,Edd,0,ER,1575590708,48,13.93,41.69,298.99,0.87
121,Lorengau,38,PG,1575590707,73,-2.02,147.27,302.21,2.67
122,Oistins,40,BB,1575590708,69,13.07,-59.53,301.15,7.7
123,Ihosy,68,MG,1575590708,87,-22.4,46.13,291.18,5.51
124,Grand Gaube,20,MU,1575590692,94,-20.01,57.66,297.59,2.1
125,Iqaluit,75,CA,1575590678,77,63.75,-68.52,259.15,3.6
126,Birecik,75,TR,1575590708,87,37.03,37.98,279.15,5.1
127,Touros,32,BR,1575590700,78,-5.2,-35.46,298.15,3.1
128,Nantucket,90,US,1575590708,51,41.28,-70.1,278.15,5.1
129,Albany,90,US,1575590708,68,42.65,-73.75,273.71,3.6
130,Port Alfred,0,ZA,1575590699,86,-33.59,26.89,289.26,0.89
131,Nikolskoye,75,RU,1575590708,75,59.7,30.79,279.26,9.0
132,Carauari,99,BR,1575590709,91,-4.88,-66.9,297.98,0.55
133,Police,64,PL,1575590709,78,53.55,14.57,273.15,3.1
134,Flinders,70,AU,1575590709,31,-34.58,150.85,299.15,4.1
135,Kodiak,1,US,1575590709,57,39.95,-94.76,283.15,2.1
136,Pacific Grove,90,US,1575590588,77,36.62,-121.92,290.15,1.5
137,Kangaatsiaq,0,GL,1575590709,66,68.31,-53.46,260.93,6.84
138,Kalmunai,100,LK,1575590709,81,7.42,81.82,300.13,6.54
139,Pangnirtung,90,CA,1575590709,66,66.15,-65.72,261.15,4.1
140,Port Lincoln,4,AU,1575590709,58,-34.72,135.86,290.07,4.21
141,Alvin,1,US,1575590478,82,29.42,-95.24,295.15,1.5
142,Churapcha,100,RU,1575590707,97,62.0,132.43,234.39,2.44
143,Kalmar,100,SE,1575590709,81,56.66,16.36,279.15,7.2
144,Saint-Augustin,75,CA,1575590709,68,45.63,-73.98,269.26,3.6
145,Airai,5,TL,1575590709,41,-8.93,125.41,300.35,1.48
146,Vytegra,100,RU,1575590709,83,61.01,36.45,276.67,6.49
147,Zaozerne,0,UA,1575590709,71,51.37,23.94,272.21,5.11
148,Lydenburg,85,ZA,1575590709,95,-25.1,30.46,288.15,0.45
149,Thompson,40,CA,1575590703,83,55.74,-97.86,249.15,2.6
150,Katsuura,75,JP,1575590709,52,33.93,134.5,281.48,5.1
151,Birjand,47,IR,1575590709,45,32.86,59.22,280.15,3.1
152,Longyearbyen,75,NO,1575590680,68,78.22,15.63,271.15,13.4
153,Pevek,0,RU,1575590709,86,69.7,170.27,253.93,0.72
154,Adrar,0,DZ,1575590710,37,27.87,-0.29,285.15,2.1
155,Nhulunbuy,40,AU,1575590710,66,-12.18,136.78,303.15,2.6
156,Liku,100,ID,1575590710,89,-0.73,119.89,297.52,1.06
157,Aksu,90,KZ,1575590710,97,52.04,76.93,273.15,5.0
158,Coquimbo,20,CL,1575590710,72,-29.95,-71.34,289.15,4.6
159,Kloulklubed,90,PW,1575590713,94,7.04,134.26,299.15,3.1
160,Auxerre,90,FR,1575590713,100,47.8,3.58,272.15,2.6
161,Atuona,18,PF,1575590713,72,-9.8,-139.03,300.11,7.09
162,Malanje,100,AO,1575590713,96,-9.54,16.35,291.37,1.22
163,Dwarka,20,IN,1575590713,81,28.58,77.04,285.15,1.24
164,Tual,98,ID,1575590713,68,-5.67,132.75,302.06,0.72
165,Kupang,20,ID,1575590713,79,-10.16,123.6,302.15,1.5
166,Mbanza-Ngungu,99,CD,1575590713,99,-5.25,14.87,293.65,3.52
167,Chifeng,4,CN,1575590713,31,42.27,118.96,259.83,3.33
168,Oranjestad,20,AW,1575590716,78,12.52,-70.03,301.15,7.2
169,Vila Velha,97,BR,1575590716,74,-3.71,-38.6,300.37,3.1
170,Khatanga,0,RU,1575590716,86,71.98,102.47,242.29,5.98
171,Petropavlovsk-Kamchatskiy,96,RU,1575590696,85,53.05,158.65,261.15,2.0
172,Ceres,96,BR,1575590716,90,-15.31,-49.6,295.18,0.02
173,Awjilah,0,LY,1575590719,43,29.14,21.3,287.6,2.62
174,Labuhan,97,ID,1575590694,79,-2.54,115.51,299.95,0.79
175,Ormara,0,PK,1575590719,53,25.21,64.64,298.57,4.95
176,Bam,0,IR,1575590719,59,29.11,58.36,284.02,1.2
177,Preobrazheniye,0,RU,1575590719,56,42.9,133.91,258.52,3.79
178,Vanimo,100,PG,1575590719,81,-2.67,141.3,300.13,5.2
179,Lebu,81,ET,1575590719,89,8.96,38.73,284.46,0.35
180,Seoul,1,KR,1575590266,84,37.57,126.98,265.15,0.5
181,San Quintin,90,PH,1575590719,90,17.54,120.52,296.83,2.26
182,Los Llanos de Aridane,20,ES,1575590720,72,28.66,-17.92,291.15,7.7
183,Kirakira,95,SB,1575590703,76,-10.46,161.92,301.42,2.78
184,Torbay,90,CA,1575590720,94,47.66,-52.73,275.37,6.7
185,Camacupa,100,AO,1575590720,97,-12.02,17.48,290.65,1.84
186,Green River,90,US,1575590720,92,41.53,-109.47,272.15,4.1
187,Bethel,90,US,1575590720,92,60.79,-161.76,264.15,5.1
188,Hirara,75,JP,1575590720,88,24.8,125.28,292.15,8.2
189,Saskylakh,22,RU,1575590720,99,71.97,114.09,236.06,1.01
190,Eyl,73,SO,1575590720,69,7.98,49.82,301.08,8.2
191,Sioux Lookout,90,CA,1575590467,79,50.1,-91.92,266.15,4.6
192,Gualeguay,0,AR,1575590720,29,-33.15,-59.31,291.76,1.06
193,Barrow,68,AR,1575590720,43,-38.31,-60.23,289.24,2.34
194,Marsh Harbour,100,BS,1575590716,51,26.54,-77.06,295.14,2.93
195,Umm Lajj,0,SA,1575590720,51,25.02,37.27,291.71,1.54
196,Bilibino,86,RU,1575590720,88,68.06,166.44,250.45,3.86
197,Cururupu,40,BR,1575590721,88,-1.82,-44.87,296.9,1.24
198,Namatanai,85,PG,1575590721,72,-3.66,152.44,301.93,1.34
199,Talara,40,PE,1575590721,100,-4.58,-81.27,290.15,7.2
200,Varkaus,90,FI,1575590721,80,62.32,27.87,277.15,6.2
201,Alofi,75,NU,1575590721,74,-19.06,-169.92,302.15,4.1
202,Ulladulla,91,AU,1575590721,31,-35.36,150.48,299.15,4.1
203,Hofn,98,IS,1575590721,59,64.25,-15.21,275.4,7.82
204,Victor Harbor,40,AU,1575590721,59,-35.55,138.62,294.82,6.7
205,Nisia Floresta,40,BR,1575590721,74,-6.09,-35.21,299.15,3.6
206,Waitati,100,NZ,1575590721,62,-45.75,170.57,289.9,5.26
207,Veraval,90,FR,1575590721,92,49.65,0.71,279.15,4.6
208,Khudumelapye,99,BW,1575590721,71,-23.91,24.95,290.67,5.66
209,Port Hedland,7,AU,1575590721,70,-20.31,118.58,304.15,5.7
210,Broome,100,GB,1575590721,87,52.47,1.45,282.59,8.7
211,Gobabis,98,NA,1575590721,89,-22.45,18.97,289.96,3.8
212,Oriximina,32,BR,1575590721,61,-1.77,-55.87,302.57,2.5
213,Sur,0,OM,1575590721,61,22.57,59.53,294.52,4.27
214,Madingou,100,CG,1575590721,98,-4.17,13.56,295.19,0.82
215,Ebeltoft,100,DK,1575590721,87,56.2,10.68,281.15,5.1
216,Fairbanks,1,US,1575590721,82,64.84,-147.72,246.15,1.7
217,Mehamn,90,NO,1575590721,86,71.03,27.85,274.15,5.1
218,Stans,90,CH,1575590721,100,46.96,8.37,274.82,2.1
219,Tera,20,CY,1575590722,62,34.97,32.42,285.15,4.6
220,Ajdabiya,0,LY,1575590722,42,30.75,20.22,288.3,1.51
221,East London,44,ZA,1575590701,77,-33.02,27.91,292.17,8.48
222,Stratford-upon-Avon,100,GB,1575590526,87,52.19,-1.71,283.15,6.2
223,Saint-Georges,100,CA,1575590481,100,46.12,-70.67,270.37,4.92
224,Fonte Boa,100,BR,1575590722,88,-2.51,-66.09,298.76,0.33
225,Caravelas,82,BR,1575590706,85,-17.73,-39.27,296.17,4.39
226,Bagrami,0,AF,1575590722,74,34.49,69.27,274.15,1.0
227,Luderitz,74,NA,1575590722,77,-26.65,15.16,291.15,2.1
228,Hilo,90,US,1575590722,73,19.71,-155.08,297.15,2.29
229,The Valley,20,AI,1575590722,78,18.22,-63.06,301.15,3.6
230,San Carlos de Bariloche,75,AR,1575590722,32,-41.13,-71.31,292.15,8.2
231,Coihaique,20,CL,1575590722,54,-45.58,-72.07,287.15,7.2
232,Norman Wells,20,CA,1575590722,73,65.28,-126.83,239.15,1.5
233,Ailigandi,88,PA,1575590722,97,9.23,-78.02,296.79,0.74
234,Fukue,75,JP,1575590722,75,35.03,136.69,281.15,12.3
235,Pallasovka,100,RU,1575590722,91,50.04,46.89,272.8,6.42
236,Kudahuvadhoo,89,MV,1575590722,82,2.67,72.89,300.98,5.26
237,Vatutinki,90,RU,1575590722,86,55.5,37.33,275.93,6.0
238,Belmonte,0,PT,1575590716,85,40.36,-7.35,282.04,2.68
239,bhola,17,PK,1575590722,93,32.66,73.89,283.15,1.48
240,Kruisfontein,0,ZA,1575590722,61,-34.0,24.73,290.62,3.97
241,Dikson,100,RU,1575590675,94,73.51,80.55,254.01,6.9
242,Goianesia,100,BR,1575590441,89,-15.32,-49.12,294.9,0.37
243,Uyemskiy,90,RU,1575590722,100,64.47,40.85,274.15,5.0
244,Luganville,40,VU,1575590722,79,-15.51,167.18,303.15,4.1
245,Bafra,40,TR,1575590722,73,41.57,35.91,276.15,1.5
246,Ruscova,0,RO,1575590722,47,47.79,24.28,269.14,1.52
247,Smithers,75,CA,1575590725,92,54.78,-127.17,264.15,2.6
248,Lagoa,24,PT,1575590725,62,37.14,-8.45,287.15,3.1
249,Kavieng,84,PG,1575590726,68,-2.57,150.8,302.06,0.72
250,Tura,100,RU,1575590726,96,64.27,100.22,252.46,1.68
251,Reinosa,72,ES,1575590726,100,43.0,-4.14,284.26,1.77
252,Yuli,0,CN,1575590726,89,24.82,106.77,276.13,1.22
253,Zhuhai,3,CN,1575590726,84,40.71,112.04,255.15,2.0
254,Marzuq,0,YE,1575590726,45,14.4,46.47,284.36,0.93
255,Kumluca,58,TR,1575590726,58,36.37,30.29,283.04,1.84
256,Kaspiysk,0,RU,1575590726,79,42.88,47.64,271.15,3.0
257,Luis Correia,3,BR,1575590726,79,-2.88,-41.67,299.3,3.46
258,Taber,75,CA,1575590455,74,49.79,-112.14,274.15,3.6
259,Faanui,98,PF,1575590715,73,-16.48,-151.75,300.75,2.35
260,La Macarena,13,CO,1575590726,74,2.18,-73.79,298.56,1.49
261,Clyde River,90,CA,1575590726,76,70.47,-68.59,251.15,4.6
262,Ventspils,75,LV,1575590726,81,57.39,21.56,281.15,9.3
263,Parakou,2,BJ,1575590726,20,9.34,2.63,297.31,1.04
264,Rylsk,30,RU,1575590726,82,51.57,34.68,272.19,5.66
265,Raudeberg,100,NO,1575590726,86,61.99,5.14,278.15,4.1
266,Kathu,100,ZA,1575590726,82,-27.7,23.05,289.71,5.75
267,Victoria,75,BN,1575590638,88,5.28,115.24,299.15,3.76
268,Chapais,90,CA,1575590726,92,49.78,-74.86,267.15,4.6
269,Kargasok,100,RU,1575590727,96,59.06,80.87,271.4,5.21
270,San Cristobal,51,HN,1575590727,82,14.68,-86.92,292.52,2.08
271,Zhigansk,85,RU,1575590727,91,66.77,123.37,235.13,4.81
272,Comodoro Rivadavia,40,AR,1575590502,49,-45.87,-67.48,295.15,2.1
273,Kodinar,85,IN,1575590727,60,20.79,70.7,297.33,4.27
274,Kailua,75,US,1575590727,69,21.39,-157.74,301.15,4.1
275,Hami,4,CN,1575590727,59,42.84,93.51,265.76,0.9
276,Innisfail,70,AU,1575590727,44,-17.52,146.03,303.15,0.45
277,Nuuk,20,GL,1575590727,78,64.17,-51.74,263.15,6.7
278,Sibu,90,MY,1575590727,100,2.29,111.83,296.15,2.1
279,Mnogovershinnyy,82,RU,1575590692,92,53.94,139.92,253.27,4.79
280,Ancud,100,CL,1575590715,62,-41.87,-73.83,288.15,6.7
281,Reconquista,0,AR,1575590727,49,-29.14,-59.64,290.96,1.95
282,Gillette,99,US,1575590736,85,44.29,-105.5,272.04,0.45
283,Dudinka,75,RU,1575590736,92,69.41,86.18,262.15,14.0
284,Moyale,15,ET,1575590648,68,3.52,39.05,294.51,1.94
285,Codrington,0,AU,1575590712,24,-28.95,153.24,308.71,1.9
286,Hohhot,24,CN,1575590443,84,40.81,111.65,255.15,2.0
287,Margate,75,AU,1575590736,50,-43.03,147.26,287.04,12.3
288,Yinchuan,0,CN,1575590736,10,38.48,106.21,272.04,1.15
289,Marrakesh,75,MA,1575590736,93,31.63,-7.99,284.15,2.6
290,Te Anau,71,NZ,1575590736,82,-45.41,167.72,285.11,3.76
291,Bekhtery,0,UA,1575590737,59,46.25,32.3,281.67,5.73
292,Dongsheng,17,CN,1575590737,57,29.72,112.52,278.94,3.7
293,Katobu,89,ID,1575590737,56,-4.94,122.53,303.79,1.92
294,Kahului,40,US,1575590668,51,20.89,-156.47,302.15,10.3
295,Jiuquan,67,CN,1575590737,21,39.73,98.49,268.76,2.12
296,Moose Factory,1,CA,1575590737,85,51.26,-80.61,264.15,3.1
297,Yumen,99,CN,1575590737,65,40.29,97.04,263.71,1.17
298,Rumoi,40,JP,1575590737,85,43.93,141.67,263.15,3.1
299,Sao Joao da Barra,83,BR,1575590485,89,-21.64,-41.05,298.11,8.57
300,College,1,US,1575590699,82,64.86,-147.8,246.15,1.64
301,Fort Wayne,1,US,1575590737,74,41.08,-85.14,277.15,1.5
302,Kokopo,42,PG,1575590737,71,-4.34,152.27,301.96,4.72
303,Jiexiu,0,CN,1575590737,50,37.02,111.92,269.55,1.63
304,Muravlenko,96,RU,1575590737,95,63.79,74.5,258.01,6.8
305,Yar-Sale,100,RU,1575590691,96,66.83,70.83,258.75,1.68
306,Tautira,90,PF,1575590737,83,-17.73,-149.15,300.15,6.2
307,Mundo Novo,67,BR,1575590737,65,-23.94,-54.29,294.49,2.9
308,Acajutla,94,SV,1575590547,45,13.59,-89.83,301.15,2.1
309,Rio Grande,16,BR,1575590712,75,-32.03,-52.1,291.2,6.83
310,Batalha,57,BR,1575590737,70,-9.67,-37.13,296.71,4.91
311,Cabedelo,30,BR,1575590738,78,-6.97,-34.84,298.15,3.1
312,Pangkalanbuun,100,ID,1575590738,89,-2.68,111.62,298.9,0.79
313,Shingu,75,JP,1575590738,55,33.72,135.99,281.15,7.7
314,Khorramabad,0,IR,1575590738,74,33.48,48.35,276.06,2.03
315,Aleksandrovka,92,RU,1575590738,89,54.24,50.04,274.21,7.69
316,Amarante do Maranhao,86,BR,1575590738,92,-5.57,-46.74,296.27,1.49
317,Hadrut,85,AZ,1575590738,86,39.52,47.03,271.52,0.96
318,Boa Vista,40,BR,1575590738,58,2.82,-60.67,303.15,3.1
319,Purranque,75,CL,1575590738,67,-40.91,-73.16,288.15,5.7
320,Tabou,95,CI,1575590738,93,4.42,-7.36,297.71,1.95
321,Rosarito,40,CO,1575590738,93,4.91,-75.23,299.15,1.26
322,Presidente Epitacio,100,BR,1575590738,90,-21.76,-52.12,296.17,3.0
323,Narsaq,70,GL,1575590741,40,60.91,-46.05,265.15,2.57
324,Vostok,62,RU,1575590744,93,46.45,135.83,249.11,2.52
325,Samana,8,EC,1575590744,70,0.12,-76.97,302.15,2.6
326,Bidara,0,IN,1575590744,83,17.91,77.52,290.33,1.67
327,Sorong,73,ID,1575590744,69,-0.86,131.25,302.96,0.77
328,Gat,80,SN,1575590745,77,14.69,-16.54,294.15,4.6
329,Klaksvik,100,FO,1575590745,64,62.23,-6.59,277.15,5.1
330,Minusio,0,CH,1575590745,100,46.18,8.81,275.37,0.5
331,Dicabisagan,25,PH,1575590745,83,17.08,122.42,298.76,2.18
332,Nieuw Amsterdam,75,SR,1575590745,88,5.88,-55.08,299.15,5.1
333,Lompoc,75,US,1575590745,77,34.64,-120.46,290.15,3.1
334,Colares,0,PT,1575590745,66,38.8,-9.45,286.48,6.2
335,Dubovskoye,69,RU,1575590745,90,47.41,42.76,271.12,4.03
336,Locri,40,IT,1575590749,93,38.24,16.26,289.82,2.1
337,Puerto Baquerizo Moreno,75,EC,1575590749,83,-0.9,-89.6,297.15,6.7
338,Amapa,75,HN,1575590749,69,15.09,-87.97,300.15,4.1
339,Geraldton,90,CA,1575590749,92,49.72,-86.95,264.15,2.1
340,Mount Isa,65,AU,1575590749,7,-20.73,139.49,309.15,5.7
341,Corn Island,86,NI,1575590750,80,12.17,-83.04,300.6,10.23
342,Santiago del Estero,0,AR,1575590578,40,-27.8,-64.26,294.18,2.58
343,Aswan,33,EG,1575590658,38,24.09,32.9,289.15,4.1
344,Rawson,32,AR,1575590750,68,-43.3,-65.11,287.61,0.06
345,Singapore,75,MY,1575590483,83,1.29,103.85,300.15,2.1
346,Ketchikan,40,US,1575590467,100,55.34,-131.65,277.15,1.5
347,Sabya,0,SA,1575590750,78,17.15,42.62,300.15,1.29
348,Williamsburg,1,US,1575590759,62,37.27,-76.71,280.37,1.5
349,Bosaso,100,SO,1575590759,84,11.28,49.18,298.58,8.39
350,Galeana,0,MX,1575590759,23,24.83,-100.08,290.37,1.34
351,Saint Andrews,32,NZ,1575590759,49,-44.53,171.19,293.52,8.77
352,Beaverlodge,75,CA,1575590760,67,55.21,-119.43,268.15,2.1
353,Togur,100,RU,1575590760,97,58.36,82.83,272.27,4.62
354,Rorvik,100,NO,1575590760,92,64.86,11.24,275.37,1.34
355,Amudat,80,UG,1575590760,79,1.95,34.95,293.33,1.92
356,Presidencia Roque Saenz Pena,1,AR,1575590761,45,-26.79,-60.44,293.39,2.04
357,Manavalakurichi,75,IN,1575590761,88,8.13,77.3,301.15,3.6
358,Cockburn Town,2,TC,1575590467,81,21.46,-71.14,299.71,7.76
359,Homer,90,US,1575590764,80,59.64,-151.54,272.15,2.22
360,Vasterhaninge,100,SE,1575590764,75,59.12,18.1,280.15,5.1
361,Ewa Beach,75,US,1575590764,69,21.32,-158.01,301.15,4.1
362,Omsukchan,100,RU,1575590764,98,62.53,155.8,245.39,2.95
363,Ola,100,RU,1575590764,88,59.58,151.3,252.46,6.95
364,Vila Franca do Campo,20,PT,1575590702,76,37.72,-25.43,287.15,2.6
365,Lagoa Vermelha,8,BR,1575590764,88,-28.21,-51.53,287.3,1.75
366,Ust-Kuyga,100,RU,1575590764,94,70.0,135.55,246.26,2.37
367,Saint-Pierre,90,FR,1575590764,83,48.95,4.24,273.15,4.1
368,Hede,100,SE,1575590764,81,60.45,15.49,279.15,7.2
369,Sungaipenuh,100,ID,1575590764,94,-2.08,101.38,290.56,1.13
370,Kasongo-Lunda,100,CD,1575590764,95,-6.48,16.82,293.15,0.77
371,Chumikan,55,RU,1575590764,76,54.72,135.31,254.56,7.73
372,Nueva Loja,8,EC,1575590764,70,0.08,-76.88,302.15,2.6
373,Arlit,30,NE,1575590764,15,18.74,7.39,295.02,4.09
374,San Pedro,0,AR,1575590765,46,-33.68,-59.66,292.59,1.28
375,Calahorra,0,ES,1575590765,93,42.3,-1.96,279.15,1.5
376,Centralia,90,US,1575590765,87,46.72,-122.96,283.15,3.1
377,Kitimat,90,CA,1575590765,92,54.02,-128.69,272.15,4.6
378,San Policarpo,78,PH,1575590765,78,12.18,125.51,300.31,1.25
379,Xai-Xai,26,MZ,1575590765,82,-25.04,33.64,290.52,1.39
380,Richards Bay,100,ZA,1575590766,73,-28.77,32.06,293.65,8.06
381,Istok,0,PL,1575590766,88,52.66,23.48,273.15,5.21
382,Maravilla,75,EC,1575590766,62,-1.93,-79.53,302.15,4.6
383,Ostrovnoy,100,RU,1575590769,94,68.05,39.51,266.02,3.97
384,Betsiamites,90,CA,1575590769,92,48.94,-68.65,271.15,2.6
385,La Ronge,90,CA,1575590523,78,55.1,-105.3,261.15,4.1
386,Velen,75,DE,1575590769,93,51.9,6.98,277.04,5.7
387,Tilichiki,79,RU,1575590745,92,60.47,166.1,264.94,4.06
388,Moron,5,HT,1575590769,81,18.56,-74.26,299.65,6.48
389,Collie,59,AU,1575590769,18,-33.36,116.15,304.82,4.91
390,Lazaro Cardenas,90,MX,1575590769,37,28.39,-105.62,294.15,2.6
391,Sandwick,100,GB,1575590769,100,54.57,-2.89,283.15,13.4
392,Freilassing,75,DE,1575590769,100,47.84,12.98,272.59,0.5
393,Thongwa,40,MM,1575590769,94,16.76,96.52,293.15,2.6
394,Carutapera,45,BR,1575590769,77,-1.2,-46.02,300.83,8.17
395,Ciudad Bolivar,43,VE,1575590770,77,8.12,-63.55,299.4,4.31
396,Makakilo City,75,US,1575590683,69,21.35,-158.09,301.15,4.1
397,Nelson Bay,90,AU,1575590770,42,-32.72,152.14,302.04,3.6
398,Erode,6,IN,1575590770,91,11.33,77.73,292.56,2.21
399,Tortona,90,IT,1575590770,89,44.9,8.86,278.15,0.5
400,Gilgit,84,PK,1575590770,27,35.92,74.31,259.7,0.91
401,Nautla,39,MX,1575590770,97,20.22,-96.78,293.58,0.6
402,San Felipe,0,CL,1575590770,21,-32.75,-70.73,288.37,1.76
403,Skjervoy,67,NO,1575590770,72,70.03,20.97,276.27,4.3
404,Zyryanka,100,RU,1575590770,92,65.73,150.89,248.99,10.84
405,Port Moresby,20,PG,1575590770,70,-9.47,147.16,303.15,4.1
406,San Ramon,40,NI,1575590770,77,12.92,-85.84,294.15,4.1
407,Furano,40,JP,1575590771,85,43.28,142.47,263.15,3.1
408,Lata,0,IN,1575590771,6,30.78,78.62,267.25,3.42
409,Umm Kaddadah,0,SD,1575590771,21,13.6,26.69,292.4,5.6
410,Puerto Escondido,40,MX,1575590771,70,15.86,-97.07,303.15,2.6
411,Kirensk,84,RU,1575590771,98,57.78,108.12,252.41,2.14
412,Mayumba,100,GA,1575590771,89,-3.44,10.65,298.83,5.49
413,Port Macquarie,5,AU,1575590771,23,-31.43,152.91,308.15,2.6
414,Pringsewu,100,ID,1575590771,94,-5.36,104.98,296.71,0.79
415,Podor,84,MR,1575590771,37,16.65,-14.96,295.15,1.0
416,Villa Constitucion,0,AR,1575590771,33,-33.23,-60.33,298.15,2.1
417,Pisco,48,PE,1575590771,30,-13.71,-76.2,295.15,9.3
418,Kourou,100,GF,1575590771,88,5.16,-52.64,299.15,0.5
419,Mugur-Aksy,95,RU,1575590771,60,50.38,90.44,259.89,3.13
420,Walvis Bay,0,NA,1575590753,82,-22.95,14.51,291.48,2.1
421,Griffith,67,AU,1575590771,43,-34.29,146.06,294.15,3.6
422,Sayyan,0,YE,1575590772,58,15.17,44.32,280.52,1.75
423,Igarka,100,RU,1575590772,94,67.47,86.57,262.9,8.94
424,Tabas,0,IR,1575590772,53,33.6,56.92,283.25,0.39
425,Sao Jose da Coroa Grande,82,BR,1575590772,76,-8.9,-35.15,300.24,6.14
426,Managua,40,NI,1575590599,51,12.15,-86.27,303.15,5.1
427,North Bend,1,US,1575590751,82,43.41,-124.22,286.15,1.4
428,Nkoteng,4,CM,1575590775,97,4.5,12.12,293.51,1.35
429,Matara,100,BI,1575590775,94,-3.48,29.48,287.87,0.98
430,Bontang,98,ID,1575590695,78,0.12,117.47,300.81,2.02
431,Dingle,95,PH,1575590775,86,11.0,122.67,299.15,2.84
432,San Carlos del Zulia,43,VE,1575590775,86,9.0,-71.91,298.74,1.53
433,Tornio,90,FI,1575590775,80,61.12,27.27,278.15,5.7
434,Rexburg,90,US,1575590511,80,43.82,-111.79,273.15,1.5
435,Fort Nelson,90,CA,1575590776,84,58.81,-122.69,258.15,3.1
436,Keita,20,NG,1575590776,88,7.1,3.65,299.15,2.6
437,Liverpool,90,GB,1575590403,82,53.41,-2.98,286.15,8.2
438,Qaqortoq,93,GL,1575590776,40,60.72,-46.03,265.15,3.19
439,Ostersund,91,SE,1575590776,85,63.18,14.64,273.15,4.1
440,Trebinje,75,HR,1575590777,62,42.71,18.35,284.15,2.1
441,Timbuktu,4,ML,1575590777,16,16.77,-3.01,297.06,3.58
442,Ashqelon,40,IL,1575590777,63,31.67,34.57,292.15,5.1
443,Saint Anthony,90,US,1575590777,80,43.97,-111.68,273.15,1.5
444,Beringovskiy,100,RU,1575590708,88,63.05,179.32,269.98,11.73
445,Eydhafushi,59,MV,1575590777,79,5.1,73.07,301.4,10.28
446,Honningsvag,90,NO,1575590780,86,70.98,25.97,274.15,5.1
447,Aklavik,90,CA,1575590706,71,68.22,-135.01,257.15,5.1
448,Wiarton,90,CA,1575590780,68,44.74,-81.13,272.15,3.1
449,Broken Hill,0,AU,1575590789,46,-31.97,141.45,294.15,6.7
450,La Romana,40,DO,1575590789,83,18.43,-68.97,301.15,2.27
451,Berlevag,90,NO,1575590789,86,70.86,29.09,274.15,5.1
452,Lasa,20,CY,1575590735,62,34.92,32.53,285.15,4.6
453,Verkhnyaya Toyma,100,RU,1575590790,97,62.24,45.0,274.71,6.07
454,Fredericksburg,1,US,1575590540,69,38.3,-77.46,279.15,2.36
455,Guerrero Negro,21,MX,1575590790,60,27.97,-114.04,294.46,5.47
456,Sakaiminato,75,JP,1575590790,86,35.55,133.23,277.15,3.6
457,Mao,40,DO,1575590790,83,19.55,-71.08,301.15,3.1
458,Peniche,0,PT,1575590790,66,39.36,-9.38,286.48,6.2
459,Bonthe,6,SL,1575590703,81,7.53,-12.5,299.85,3.32
460,Shimoda,75,JP,1575590790,66,34.7,138.93,284.15,4.1
461,Silver City,1,US,1575590790,50,32.77,-108.28,285.15,7.7
462,Voh,75,NC,1575590790,80,-20.95,164.69,298.04,6.58
463,Alice Springs,0,AU,1575590739,8,-23.7,133.88,305.15,3.1
464,Kedrovyy,3,RU,1575590790,92,56.17,91.82,258.15,3.5
465,Les Cayes,0,HT,1575590790,75,18.19,-73.75,301.44,4.09
466,Akureyri,90,IS,1575590790,97,65.68,-18.09,273.15,6.7
467,Charters Towers,34,AU,1575590729,34,-20.07,146.27,306.35,4.14
468,Paamiut,28,GL,1575590718,25,61.99,-49.67,267.45,2.66
469,Fare,99,PF,1575590790,68,-16.7,-151.02,301.43,2.2
470,Mecca,7,SA,1575590660,68,21.43,39.83,296.38,0.9
471,Port Huron,90,US,1575590791,80,42.98,-82.44,275.37,1.4
472,Abu Dhabi,0,AE,1575590604,77,24.47,54.37,294.15,1.5
473,Palauig,0,PH,1575590791,76,15.44,119.9,298.67,0.54
474,Namibe,53,AO,1575590791,77,-15.19,12.15,295.05,1.97
475,Sola,64,TZ,1575590791,82,-3.17,33.8,291.88,0.59
476,Karachi,40,PK,1575590791,26,24.87,67.03,295.15,10.3
477,Cap Malheureux,20,MU,1575590791,94,-19.98,57.61,297.59,2.1
478,Woodstock,75,CA,1575590791,79,43.13,-80.75,272.59,2.1
479,Honiara,75,SB,1575590708,66,-9.43,159.96,304.15,4.1
480,Puerto Leguizamo,25,CO,1575590791,71,-0.19,-74.78,299.21,1.05
481,Keti Bandar,77,PK,1575590791,26,24.14,67.45,295.65,8.1
482,Ponta Delgada,20,PT,1575590791,76,37.73,-25.67,287.15,2.6
483,Salalah,75,OM,1575590684,57,17.01,54.1,299.15,9.8
484,Bayshore Gardens,1,US,1575590791,55,27.43,-82.59,291.15,2.1
485,Tarakan,100,ID,1575590636,91,3.3,117.63,298.76,2.3
486,Oranjemund,26,ZA,1575590791,60,-28.55,16.43,292.15,1.59
487,Calama,41,CL,1575590791,11,-22.46,-68.93,293.15,11.3
488,Prince Rupert,20,CA,1575590791,100,54.32,-130.32,275.15,2.6
489,Rio Gallegos,20,AR,1575590791,43,-51.62,-69.22,286.15,12.9
490,Maragogi,82,BR,1575590791,76,-9.01,-35.22,300.24,6.14
491,Uvira,92,CD,1575590792,93,-3.41,29.14,285.14,0.31
492,Naze,21,NG,1575590792,89,5.43,7.07,297.58,1.59
493,Chicama,75,PE,1575590795,77,-7.84,-79.15,294.15,4.1
494,Beloha,75,MG,1575590798,69,-25.17,45.06,293.04,5.38
495,Viedma,0,AR,1575590798,57,-40.81,-62.99,288.21,2.86
496,Vestmannaeyjar,100,IS,1575590798,67,63.44,-20.27,273.81,8.27
497,Portel,60,BR,1575590798,75,-1.94,-50.82,299.46,2.39
498,Saint-Joseph,90,FR,1575590798,87,43.56,6.97,284.15,1.5
499,Saqqez,76,IR,1575590798,84,36.24,46.27,272.76,1.63
500,Motygino,20,RU,1575590799,95,58.18,94.69,257.67,1.71
501,Inyonga,100,TZ,1575590799,96,-6.72,32.06,291.4,2.79
502,Najran,0,SA,1575590668,54,17.54,44.22,286.15,0.67
503,Gonen,0,IL,1575590799,84,33.12,35.65,286.48,2.93
504,Husavik,44,CA,1575590690,81,50.56,-96.99,264.26,3.13
505,Mogadishu,100,SO,1575590799,80,2.04,45.34,300.38,4.79
506,Portland,90,US,1575590649,69,43.66,-70.25,276.15,5.1
507,Thunder Bay,90,CA,1575590574,100,48.41,-89.26,268.15,1.5
508,Haines Junction,96,CA,1575590658,97,60.75,-137.51,255.88,1.98
509,Yangambi,6,CD,1575590799,79,0.77,24.47,295.51,0.51
510,Ambilobe,72,MG,1575590799,79,-13.19,49.05,296.96,2.27
511,Inndyr,40,NO,1575590799,75,67.03,14.03,275.15,5.7
512,Alihe,100,CN,1575590799,89,50.57,123.73,250.79,1.88
513,Havre-Saint-Pierre,90,CA,1575590535,85,50.23,-63.6,269.15,2.6
514,Rabaul,78,PG,1575590799,69,-4.2,152.17,301.54,1.54
515,Chipinge,96,ZW,1575590799,87,-20.19,32.62,290.26,1.32
516,Lethem,1,GY,1575590799,53,3.38,-59.8,303.65,6.13
517,Kukuna,40,SL,1575590800,74,8.64,-12.57,301.15,5.1
518,North Myrtle Beach,1,US,1575590669,86,33.83,-78.68,282.15,1.07
519,Kholm-Zhirkovskiy,99,RU,1575590800,88,55.52,33.47,273.33,5.81
520,Oban,100,GB,1575590800,89,56.42,-5.47,283.75,6.07
521,Necochea,28,AR,1575590800,6,-38.55,-58.74,289.82,2.24
522,Casablanca,20,MA,1575590781,93,33.6,-7.62,288.71,1.0
523,Fortuna,90,US,1575590800,59,40.6,-124.16,290.15,5.7
524,Barabinsk,100,RU,1575590800,98,55.35,78.35,272.58,4.64
525,Wagga Wagga,83,AU,1575590800,37,-35.12,147.37,296.48,7.7
526,Biltine,0,TD,1575590800,17,14.53,20.93,293.21,7.27
527,Port Hawkesbury,90,CA,1575590800,74,45.62,-61.36,274.26,1.63
528,Mayor Pablo Lagerenza,100,PY,1575590800,75,-19.93,-60.77,293.11,2.58
529,Saint-Louis,91,SN,1575590800,82,16.03,-16.5,292.15,1.0
530,Muros,43,ES,1575590800,100,42.77,-9.06,284.82,0.5
531,Namtsy,88,RU,1575590800,65,62.72,129.66,234.15,4.0
532,Coahuayana,0,MX,1575590750,58,18.62,-100.35,299.11,0.53
533,Sassandra,93,CI,1575590801,89,4.95,-6.09,299.0,3.78
534,Serafimovich,100,RU,1575590801,92,49.58,42.73,273.71,2.68
535,Botou,0,CN,1575590801,71,38.08,116.55,268.4,2.17
536,Tulum,75,MX,1575590801,73,20.21,-87.46,298.15,2.6
